abstract data type, Computer Science,
abstract method, Computer Science,
abstraction, Computer Science,
agent architecture, Computer Science,
agent-based model, Computer Science,
aggregate function, Computer Science,
agile software development, Computer Science,
algorithm, Computer Science,
algorithm design, Computer Science,
algorithmic efficiency, Computer Science,
American Standard Code for Information Interchange, Computer Science,
ASCII, Computer Science,
application programming interface, Computer Science,
API, Computer Science,
application software, Computer Science,
application, Computer Science,
app, Computer Science,
array, Computer Science,
artifact, Computer Science,
artificial intelligence, Computer Science,
AI, Computer Science,
assertion, Computer Science,
associative array, Computer Science,
automata theory, Computer Science,
automated reasoning, Computer Science,
bandwidth, Computer Science,
Bayesian programming, Computer Science,
benchmark, Computer Science,
big data, Computer Science, 
big O notation, Computer Science,
binary number, Computer Science,
binary search, Computer Science,
binary tree, Computer Science, 
bioinformatics, Computer Science, 
bit, Computer Science,
bit rate, Computer Science,
bitrate, Computer Science, 
blacklist, Computer Science,
bitmap, Computer Science,
boolean, Computer Science,
boolean algebra, Computer Science,
byte, Computer Science,
booting, Computer Science,
callback, Computer Science,
CPU, Computer Science,
central processing unit, Computer Science,
character, Computer Science,
cipher, Computer Science,
class, Computer Science,
class-based programming, Computer Science,
class-orientation, Computer Science,
client, Computer Science,
cleanroom software engineering, Computer Science,
closure, Computer Science,
cloud computing, Computer Science, 
code library, Computer Science,
coding, Computer Science, 
coding theory, Computer Science,
cognitive science, Computer Science, 
collection, Computer Science,
comma seperated values, Computer Science,
compiler, Computer Science,
computability theory, Computer Science,
computation, Computer Science,
computational biology, Computer Science,
computational chemistry, Computer Science,
computational complexity theory, Computer Science,
complexity theory, Computer Science, 
computational model, Computer Science, 
computational neuroscience, Computer Science,
theoretical neuroscience, Computer Science,
mathematical neuroscience, Computer Science,
computational physics, Computer Science, 
computational science, Computer Science, 
scientific computing, Computer Science,
scientific computation, Computer Science,
computational steering, Computer Science,
computer, Computer Science,
computer architecture, Computer Science,
computer data storage, Computer Science,
storage, Computer Science,
memory, Computer Science, 
computer ethics, Computer Science, 
computer graphics, Computer Science,
computer network, Computer Science, 
data network, Computer Science,
computer program, Computer Science,
computer programming, Computer Science,
computer science, Computer Science,
computer scientist, Computer Science,
computer security, Computer Science,
cybersecurity, Computer Science, 
information technology security, Computer Science,
IT security, Computer Science,
computer vision, Computer Science,
computing, Computer Science,
concatenation, Computer Science,
concurrency, Computer Science,
conditional, Computer Science,
container, Computer Science, 
continuation-passing style, Computer Science,
CPS, Computer Science,
control flow, Computer Science,
flow of control, Computer Science,
creative commons, Computer Science,
cryptography, Computer Science, 
cyberbullying, Computer Science,
cyberharassment, Computer Science,
online bullying, Computer Science,
cyberspace, Computer Science,
daemon, Computer Science,
data center, Computer Science,
database, Computer Science,
data mining, Computer Science,
data science, Computer Science, 
data structure, Computer Science,
data type, Computer Science,
type, Computer Science,
debugging, Computer Science, 
declaration, Computer Science,
device drivers, Computer Science,
drivers, Computer Science,
digital data, Computer Science,
digital signal processing, Computer Science,
dsp, Computer Science,
discrete event simulation, Computer Science, 
des, Computer Science,
disk storage, Computer Science, 
distributed computing, Computer Science, 
divide and conquer, Computer Science,
domain name system, Computer Science, 
DNS, Computer Science,
documentation, Computer Science,
domain, Computer Science,
double, Computer Science,
double-precision floating-point format, Computer Science,
download, Computer Science, 
edge device, Computer Science, 
encryption, Computer Science, 
event, Computer Science, 
event-driven programming, Computer Science,
evolutionary computing, Computer Science,
executable, Computer Science,
executable module, Computer Science,
execution, Computer Science,
exception handling, Computer Science, 
Existence detection, Computer Science,
expression, Computer Science,
external library, Computer Science,
fault-tolerant computer system, Computer Science,
feasibility study, Computer Science,
field, Computer Science,
filename extension, Computer Science,
filter, Computer Science,
floating point arithmetic, Computer Science,
for loop, Computer Science,
formal methods, Computer Science,
formal verification, Computer Science,
functional programming, Computer Science,
game theory, Computer Science,
"garbage in, Computer Science, garbage out", Computer Science,
GIGO, Computer Science,
Graphics Interchange Format, Computer Science,
gigabyte, Computer Science,
global variable, Computer Science,
graph theory, Computer Science,
handle, Computer Science,
hard problem, Computer Science,
hash function, Computer Science,
hash table, Computer Science,
heap, Computer Science,
heapsort, Computer Science,
human-computer interaction, Computer Science,
HCI, Computer Science,
identifier, Computer Science,
IDE, Computer Science,
Integrated development environment, Computer Science,
image processing, Computer Science,
imperative programming, Computer Science,
incremental build model, Computer Science,
information space analysis, Computer Science,
information visualization, Computer Science,
inheritance, Computer Science,
input/output, Computer Science,
I/O, Computer Science,
IO, Computer Science,
insertion sort, Computer Science,
instruction cycle, Computer Science,
integer, Computer Science,
integrated development environment, Computer Science,
IDE, Computer Science,
integration testing, Computer Science,
intellectual property, Computer Science,
intelligent agent, Computer Science,
interface, Computer Science,
internal documentation, Computer Science,
internet, Computer Science,
internet bot, Computer Science,
bot, Computer Science,
interpreter, Computer Science,
invariant, Computer Science,
iteration, Computer Science,
Java, Computer Science,
kernel, Computer Science,
library, Computer Science,
linear search, Computer Science,
linked list, Computer Science,
linker, Computer Science,
list, Computer Science,
loader, Computer Science,
logic error, Computer Science,
logic programming, Computer Science,
machine learning, Computer Science,
ML, Computer Science,
machine vision, Computer Science,
MV, Computer Science,
mathematical logic, Computer Science,
matrix, Computer Science,
memory, Computer Science,
merge sort, Computer Science,
method, Computer Science,
methodology, Computer Science,
modem, Computer Science,
natural language processing, Computer Science,
NLP, Computer Science,
node, Computer Science,
number theory, Computer Science,
numerical analysis, Computer Science,
numerical method, Computer Science,
object, Computer Science,
object code, Computer Science,
object-oriented analysis and design, Computer Science,
OOAD, Computer Science,
object-oriented programming, Computer Science,
OOP, Computer Science,
open-source software, Computer Science,
OSS, Computer Science,
operating system, Computer Science,
OS, Computer Science,
optical fiber, Computer Science,
pair programming, Computer Science,
parallel computing, Computer Science,
parameter, Computer Science,
peripheral, Computer Science,
pointer, Computer Science,
postcondition, Computer Science,
precondition, Computer Science,
primary storage, Computer Science,
primitive data type, Computer Science,
priority queue, Computer Science,
procedural programming, Computer Science,
procedure, Computer Science,
program lifecycle phase, Computer Science,
programming language, Computer Science,
programming language implementation, Computer Science,
programming language theory, Computer Science,
PLT, Computer Science,
Prolog, Computer Science,
Python, Computer Science,
quantum computing, Computer Science,
queue, Computer Science,
quicksort, Computer Science,
R programming language, Computer Science,
radix, Computer Science,
record, Computer Science,
recursion, Computer Science,
reference, Computer Science,
reference counting, Computer Science,
relational database, Computer Science,
reliability engineering, Computer Science,
regression testing, Computer Science,
requirements analysis, Computer Science,
robotics, Computer Science,
round-off error, Computer Science,
router, Computer Science,
routing table, Computer Science,
run time, Computer Science,
run time error, Computer Science,
search algorithm, Computer Science,
secondary storage, Computer Science,
selection sort, Computer Science,
semantics, Computer Science,
sequence, Computer Science,
serializability, Computer Science,
serialization, Computer Science,
service level agreement, Computer Science,
SLA, Computer Science,
singleton variable, Computer Science,
soft computing, Computer Science,
software, Computer Science,
software agent, Computer Science,
software construction, Computer Science,
software deployment, Computer Science,
software design, Computer Science,
software development, Computer Science,
software development process, Computer Science,
software engineering, Computer Science,
software maintenance, Computer Science,
software prototyping, Computer Science,
software requirements specification, Computer Science,
SRS, Computer Science,
software testing, Computer Science,
sorting algorithm, Computer Science,
source code, Computer Science,
spiral model, Computer Science,
stack, Computer Science,
push, Computer Science,
pop, Computer Science,
state, Computer Science,
statement, Computer Science,
storage, Computer Science,
stream, Computer Science,
string, Computer Science,
structured storage, Computer Science,
subroutine, Computer Science,
symbolic computation, Computer Science,
syntax, Computer Science,
syntax error, Computer Science,
system console, Computer Science,
technical documentation, Computer Science,
third-generation programming language, Computer Science,
tree, Computer Science,
upload, Computer Science,
user, Computer Science,
user agent, Computer Science,
user interface, Computer Science,
UI, Computer Science,
variable, Computer Science,
virtual machine, Computer Science,
VM, Computer Science,
V-Model, Computer Science,
waterfall model, Computer Science,
Waveform Audio File Format, Computer Science,
web crawler, Computer Science,
Wi-Fi, Computer Science,
XHTML, Computer Science,
1.TR.6, Computer Science,
100BASE-FX, Computer Science,
100BASE-TX, Computer Science,
100BaseVG, Computer Science,
100VG-AnyLAN, Computer Science,
10BASE-2, Computer Science,
10BASE-5, Computer Science,
10BASE-T, Computer Science,
120 reset, Computer Science,
1-bit computing, Computer Science,
16-bit computing, Computer Science,
16-bit application, Computer Science,
16550 UART, Computer Science,
1NF, Computer Science,
1TBS, Computer Science,
20-GATE, Computer Science,
20-GATE, Computer Science,
28-bit, Computer Science,
2B1D, Computer Science,
2B1Q, Computer Science,
2D, Computer Science,
2NF, Computer Science,
3-tier, Computer Science,
32-bit application, Computer Science,
32-bit computing, Computer Science,
320xx microprocessor, Computer Science,
320xx, Computer Science,
386BSD, Computer Science,
386SPART.PAR, Computer Science,
3Com Corporation, Computer Science,
3DO, Computer Science,
3D computer graphics, Computer Science,
3GL, Computer Science,
3NF, Computer Science,
3Station, Computer Science,
4.2BSD, Computer Science,
4-bit computing, Computer Science,
404 error, Computer Science,
431A, Computer Science,
473L system, Computer Science,
486SX, Computer Science,
4GL, Computer Science,
4NF, Computer Science,
51-FORTH, Computer Science,
56 kbit/s line, Computer Science,
5ESS switch, Computer Science,
5NF, Computer Science,
5th Glove, Computer Science,
6.001, Computer Science,
64-bit computing, Computer Science,
680x0, Computer Science,
6x86, Computer Science,
8-bit clean, Computer Science,
8-bit computing, Computer Science,
8.3 filename, Computer Science,
80x86, Computer Science,
82430FX, Computer Science,
82430HX, Computer Science,
82430MX, Computer Science,
82430VX, Computer Science,
8514, Computer Science,
8514-A, Computer Science,
88open, Computer Science,
8N1, Computer Science,
8x86, Computer Science,
90–90 rule, Computer Science,
9PAC, Computer Science,
ABC ALGOL, Computer Science,
ABLE, Computer Science,
ABSET, Computer Science,
ABSYS, Computer Science,
Accent, Computer Science,
Acceptance, Computer Science,
Accessible Computing, Computer Science,
Ada, Computer Science,
Addressing mode, Computer Science,
AIM alliance, Computer Science,
AirPort, Computer Science,
AIX, Computer Science,
Algocracy, Computer Science,
ALGOL, Computer Science,
Algorithm, Computer Science,
AltiVec, Computer Science,
Amdahl's law, Computer Science,
America Online, Computer Science,
Amiga, Computer Science,
AmigaE, Computer Science,
Analysis of algorithms, Computer Science,
AOL, Computer Science,
APL, Computer Science,
Apple Computer, Computer Science,
Apple II, Computer Science,
AppleScript, Computer Science,
Array programming, Computer Science,
Arithmetic and logical unit, Computer Science,
ASCII, Computer Science,
Active Server Pages, Computer Science,
ASP.NET, Computer Science,
Assembly language, Computer Science,
Atari, Computer Science,
Atlas Autocode, Computer Science,
AutoLISP, Computer Science,
Automaton, Computer Science,
AWK, Computer Science,
B programming language, Computer Science,
Backus–Naur form, Computer Science,
Basic Rate Interface, Computer Science,
2B+D, Computer Science,
BASIC, Computer Science,
Batch job, Computer Science,
BCPL, Computer Science,
Befunge, Computer Science,
BeOS, Computer Science,
Berkeley Software Distribution, Computer Science,
BETA, Computer Science,
Big Mac, Computer Science,
Big O notation, Computer Science,
Binary symmetric channel, Computer Science,
Binary Synchronous Transmission, Computer Science,
Binary numeral system, Computer Science,
Bit, Computer Science,
BLISS, Computer Science,
Blue, Computer Science,
Blu-ray Disc, Computer Science,
Blue screen of death, Computer Science,
Bourne shell,
sh, Computer Science,
Bourne-Again shell,
bash, Computer Science,
Brainfuck, Computer Science,
Btrieve, Computer Science,
Burrows-Abadi-Needham logic, Computer Science,
Business computing, Computer Science,
C++, Computer Science,
C#, Computer Science,
C programming language, Computer Science,
Cache, Computer Science,
Canonical LR parser, Computer Science,
Cat (Unix), Computer Science,
CD-ROM, Computer Science,
Central processing unit, Computer Science,
Chimera, Computer Science,
Chomsky normal form, Computer Science,
CIH virus, Computer Science,
Classic Mac OS, Computer Science,
COBOL, Computer Science,
Cocoa (software), Computer Science,
Code and fix, Computer Science,
Code Red worm, Computer Science,
ColdFusion, Computer Science,
Colouring algorithm, Computer Science,
COMAL, Computer Science,
Comm (Unix), Computer Science,
Command line interface, Computer Science,
Command line interpreter, Computer Science,
COMMAND.COM, Computer Science,
Commercial at (computing), Computer Science,
Commodore 1541, Computer Science,
Commodore 1581, Computer Science,
Commodore 64, Computer Science,
Common logarithm, Computer Science,
Common Unix Printing System, Computer Science,
Compact disc, Computer Science,
Compiler, Computer Science,
Computability theory, Computer Science,
Computational complexity theory, Computer Science,
Computation, Computer Science,
Computer-aided design, Computer Science,
Computer-aided manufacturing, Computer Science,
Computer architecture, Computer Science,
Computer cluster, Computer Science,
Computer hardware, Computer Science,
Computer network, Computer Science,
Computer numbering formats, Computer Science,
Computer programming, Computer Science,
Computer science, Computer Science,
Computer security, Computer Science,
Computer software, Computer Science,
Computer system, Computer Science,
Computer, Computer Science,
Computing, Computer Science,
Context-free grammar, Computer Science,
Context-sensitive grammar, Computer Science,
Context-sensitive language, Computer Science,
Control flow, Computer Science,
Control store, Computer Science,
Control unit, Computer Science,
CORAL66, Computer Science,
CP/M, Computer Science,
CPL, Computer Science,
Cracking, Computer Science,
Cracking (software), Computer Science,
Cracking (passwords), Computer Science,
Cryptanalysis, Computer Science,
Cryptography, Computer Science,
Cybersquatting, Computer Science,
CYK algorithm, Computer Science,
Cyrix 6x86, Computer Science,
D programming language, Computer Science,
Data compression, Computer Science,
Database normalization, Computer Science,
Decidable set, Computer Science,
Deep Blue, Computer Science,
Desktop environment, Computer Science,
Desktop publishing, Computer Science,
Deterministic finite automaton, Computer Science,
Dialer, Computer Science,
DIBOL, Computer Science,
Diff, Computer Science,
Digital camera, Computer Science,
DEC, Computer Science,
Digital Equipment Corporation, Computer Science,
Digital signal processing, Computer Science,
Digital visual interface, Computer Science,
Direct manipulation interface, Computer Science,
Disk storage, Computer Science,
Distance transform, Computer Science,
Distance map, Computer Science,
Distance field, Computer Science,
Docblock, Computer Science,
DVD, Computer Science,
DVI, Computer Science,
Dvorak keyboard layout, Computer Science,
Dylan, Computer Science,
Earth Simulator, Computer Science,
EBCDIC, Computer Science,
ECMAScript, Computer Science,
Electronic data processing, Computer Science,
EDP, Computer Science,
Enhanced Versatile Disc, Computer Science,
EVD, Computer Science,
ENIAC, Computer Science,
Enterprise Java Beans, Computer Science,
EJB, Computer Science,
Entscheidungsproblem, Computer Science,
Equality, Computer Science,
Erlang, Computer Science,
Enterprise resource planning, Computer Science,
ERP, Computer Science,
ES EVM, Computer Science,
Ethernet, Computer Science,
Euclidean algorithm, Computer Science,
Euphoria, Computer Science,
Exploit, Computer Science,
Federated Naming Service, Computer Science,
Field specification, Computer Science,
Final Cut Pro, Computer Science,
Finite-state automaton, Computer Science,
FireWire, Computer Science,
First-generation language, Computer Science,
Floating-point unit, Computer Science,
Floppy disk, Computer Science,
Formal language, Computer Science,
Forth, Computer Science,
Fortran, Computer Science,
Fourth-generation language, Computer Science,
Fragmentation, Computer Science,
Free On-line Dictionary of Computing, Computer Science,
Free Software Foundation, Computer Science,
Free software movement, Computer Science,
Free software, Computer Science,
Freescale 68HC11, Computer Science,
Freeware, Computer Science,
Function-level programming, Computer Science,
Functional programming, Computer Science,
G4, Computer Science,
G5, Computer Science,
GEM, Computer Science,
General Algebraic Modeling System, Computer Science,
Genie, Computer Science,
GNU, Computer Science,
GNU Bison, Computer Science,
Gnutella, Computer Science,
Graphical user interface, Computer Science,
Graphics Device Interface, Computer Science,
Greibach normal form, Computer Science,
G.hn, Computer Science,
hack, Computer Science,
hack (technology slang), Computer Science,
Hacker (computer security), Computer Science,
Hacker (hobbyist), Computer Science,
Hacker (programmer subculture), Computer Science,
Hacker, Computer Science,
Halting problem, Computer Science,
Hard Drive, Computer Science,
Haskell, Computer Science,
HD DVD, Computer Science,
History of computing, Computer Science,
History of computing hardware, Computer Science,
History of Microsoft Windows, Computer Science,
History of operating systems, Computer Science,
History of the graphical user interface, Computer Science,
Hitachi 6309, Computer Science,
Home computer, Computer Science,
Human–computer interaction, Computer Science,
IA-32, Computer Science,
IA-64, Computer Science,
IBM PC, Computer Science,
Interactive computation, Computer Science,
IBM, Computer Science,
iBook, Computer Science,
iCab, Computer Science,
iCal, Computer Science,
Icon, Computer Science,
iDVD, Computer Science,
IEEE 802.2, Computer Science,
IEEE 802.3, Computer Science,
IEEE floating-point standard, Computer Science,
iMac, Computer Science,
Image processing, Computer Science,
iMovie, Computer Science,
Inform, Computer Science,
Instruction register, Computer Science,
Intel 8008, Computer Science,
Intel 80186, Computer Science,
Intel 80188, Computer Science,
Intel 80386, Computer Science,
Intel 80486SX, Computer Science,
Intel 80486, Computer Science,
Intel 8048, Computer Science,
Intel 8051, Computer Science,
Intel 8080, Computer Science,
Intel 8086, Computer Science,
Intel 80x86, Computer Science,
Intel, Computer Science,
INTERCAL, Computer Science,
International Electrotechnical Commission, Computer Science,
Internet Explorer, Computer Science,
Internet, Computer Science,
iPhoto, Computer Science,
iPod, Computer Science,
iResQ, Computer Science,
Irreversible circuit, Computer Science,
iSync, Computer Science,
iTunes, Computer Science,
J, Computer Science,
Java Platform, Computer Science,
Java API, Computer Science,
Java, Computer Science,
Java virtual machine, Computer Science,
JVM, Computer Science,
JavaScript, Computer Science,
JPEG, Computer Science,
K&R, Computer Science,
KDE, Computer Science,
Kid, Computer Science,
Kilobyte, Computer Science,
Kleene star, Computer Science,
Klez, Computer Science,
KRYPTON, Computer Science,
LALR parser, Computer Science,
Lambda calculus, Computer Science,
Lasso, Computer Science,
LaTeX, Computer Science,
Leet, Computer Science,
Legal aspects of computing, Computer Science,
Lex, Computer Science,
LibreOffice, Computer Science,
Limbo, Computer Science,
Linked list, Computer Science,
Linux, Computer Science,
Lisp, Computer Science,
List of IBM products, Computer Science,
List of Intel microprocessors, Computer Science,
List of programming languages, Computer Science,
List of operating systems, Computer Science,
List of Soviet computer systems, Computer Science,
LL parser, Computer Science,
Logic programming, Computer Science,
Logo, Computer Science,
Lotus 1-2-3, Computer Science,
LR parser, Computer Science,
Lua, Computer Science,
Lynx language, Computer Science,
Lynx browser, Computer Science,
m4, Computer Science,
macOS Server, Computer Science,
macOS, Computer Science,
Mac, Computer Science,
MAD, Computer Science,
Mainframe computer, Computer Science,
Malware, Computer Science,
Mary, Computer Science,
Mealy machine, Computer Science,
Megabyte, Computer Science,
Melissa worm, Computer Science,
Mercury, Computer Science,
Mesa, Computer Science,
Microcode, Computer Science,
Microprocessor, Computer Science,
Microprogram, Computer Science,
Microsequencer, Computer Science,
Microsoft Windows, Computer Science,
Microsoft, Computer Science,
Miranda, Computer Science,
ML, Computer Science,
MMC, Computer Science,
MMU, Computer Science,
MMX, Computer Science,
Mobile Trin, Computer Science,
Modula, Computer Science,
MOO, Computer Science,
Moore's Law, Computer Science,
Moore machine, Computer Science,
Morris worm, Computer Science,
MOS Technology 6502, Computer Science,
MOS Technology 650x, Computer Science,
MOS Technology 6510, Computer Science,
Motorola 68000, Computer Science,
Motorola 6800, Computer Science,
Motorola 68020, Computer Science,
Motorola 68030, Computer Science,
Motorola 68040, Computer Science,
Motorola 68060, Computer Science,
Motorola 6809, Computer Science,
Motorola 680x0, Computer Science,
Motorola 68LC040, Computer Science,
Motorola 88000, Computer Science,
Mozilla, Computer Science,
MPEG, Computer Science,
MS-DOS, Computer Science,
Multics, Computer Science,
Multiprocessing, Computer Science,
MUMPS, Computer Science,
.NET, Computer Science,
NetBSD, Computer Science,
Netlib, Computer Science,
Netscape Navigator, Computer Science,
NeXT, Computer Science,
Nial, Computer Science,
Nybble, Computer Science,
Ninety–ninety rule, Computer Science,
Non-uniform memory access, Computer Science,
Nondeterministic finite automaton, Computer Science,
Oberon, Computer Science,
Objective-C, Computer Science,
object, Computer Science,
OCaml, Computer Science,
occam, Computer Science,
OmniWeb, Computer Science,
One True Brace Style, Computer Science,
OpenBSD, Computer Science,
Open source, Computer Science,
Open Source Initiative, Computer Science,
OpenVMS - Opera (web browser), Computer Science,
Operating system advocacy, Computer Science,
Operating system, Computer Science,
PA-RISC, Computer Science,
Page description language, Computer Science,
Pancake sorting, Computer Science,
Parallax Propeller, Computer Science,
Parallel computing, Computer Science,
Parser, Computer Science,
Parsing, Computer Science,
Partial function, Computer Science,
Pascal, Computer Science,
PDP, Computer Science,
Peer-to-peer network, Computer Science,
Perl, Computer Science,
Personal computer, Computer Science,
PHP, Computer Science,
PILOT, Computer Science,
PL/I, Computer Science,
Pointer, Computer Science,
Poplog, Computer Science,
Portable Document Format, Computer Science,
PDF, Computer Science,
Poser, Computer Science,
PostScript, Computer Science,
PowerBook, Computer Science,
PowerPC, Computer Science,
Prefix grammar, Computer Science,
Preprocessor, Computer Science,
Primitive recursive function, Computer Science,
Programming language, Computer Science,
Prolog, Computer Science,
PSPACE-complete, Computer Science,
Pulse-code modulation, Computer Science,
PCM, Computer Science,
Pushdown automaton, Computer Science,
Python, Computer Science,
QuarkXPress, Computer Science,
QuickTime, Computer Science,
QWERTY, Computer Science,
R programming language, Computer Science,
RAM, Computer Science,
random-access memory, Computer Science,
RAM drive, Computer Science,
Random access, Computer Science,
Rascal, Computer Science,
Ratfor, Computer Science,
RCA 1802, Computer Science,
Read-only memory, Computer Science,
ROM, Computer Science,
REBOL, Computer Science,
Recovery-oriented computing, Computer Science,
Recursive descent parser, Computer Science,
Recursion, Computer Science,
Recursive set, Computer Science,
Recursively enumerable language, Computer Science,
Recursively enumerable set, Computer Science,
Reference, Computer Science,
Referential transparency, Computer Science,
Register, Computer Science,
Regular expression, Computer Science,
Regular grammar, Computer Science,
Regular language, Computer Science,
RPG, Computer Science,
Retrocomputing, Computer Science,
REXX, Computer Science,
RFC, Computer Science,
RISC, Computer Science,
RS/6000, Computer Science,
Ruby, Computer Science,
Safari, Computer Science,
SAIL, Computer Science,
Script kiddie, Computer Science,
Scripting language, Computer Science,
SCSI, Computer Science,
Second-generation programming language, Computer Science,
Secure Sockets Layer, Computer Science,
sed, Computer Science,
Self (or SELF), Computer Science,
Semaphore (programming), Computer Science,
Sequential access, Computer Science,
SETL, Computer Science,
Shareware, Computer Science,
Shell script, Computer Science,
Shellcode, Computer Science,
SIMD, Computer Science,
Simula, Computer Science,
Sircam, Computer Science,
Slide rule, Computer Science,
SLIP, Computer Science,
SLR parser, Computer Science,
Smalltalk, Computer Science,
Server Message Block, Computer Science,
SMBus, Computer Science,
SMIL, Computer Science,
Smiley, Computer Science,
SNOBOL, Computer Science,
Software engineering, Computer Science,
SONET, Computer Science,
Space-cadet keyboard, Computer Science,
SPARC International, Computer Science,
Specialist computer, Computer Science,
SPITBOL, Computer Science,
SQL, Computer Science,
SQL slammer worm, Computer Science,
SR, Computer Science,
SSL, Computer Science,
Service-oriented architecture, Computer Science,
S/SL, Computer Science,
Stale pointer bug, Computer Science,
Standard ML, Computer Science,
SML, Computer Science,
Stateless server, Computer Science,
Structured programming, Computer Science,
Subject-oriented programming, Computer Science,
Subnetwork, Computer Science,
Supercomputer, Computer Science,
Swap space, Computer Science,
Symbolic mathematics, Computer Science,
Symlink, Computer Science,
Symmetric multiprocessing, Computer Science,
Syntactic sugar, Computer Science,
SyQuest Technology, Computer Science,
SYSKEY, Computer Science,
System board, Computer Science,
System programming language, Computer Science,
System R, Computer Science,
TADS, Computer Science,
Tcl, Computer Science,
teco, Computer Science,
Text editor, Computer Science,
TeX, Computer Science,
Third-generation language, Computer Science,
Timeline of computing, Computer Science,
Timeline of computing 1950–1979, Computer Science,
Timeline of computing 1980–1989, Computer Science,
Timeline of computing 1990–1999, Computer Science,
Timeline of computing hardware before 1950 (2400 BC–1949), Computer Science,
Tk, Computer Science,
TPU, Computer Science,
Trac, Computer Science,
Transparency, Computer Science,
Trin II, Computer Science,
Trin VX, Computer Science,
Turing machine, Computer Science,
Turing, Computer Science,
2B1Q, Computer Science,
UAT, Computer Science,
Unicode, Computer Science,
Unicon, Computer Science,
Unix, Computer Science,
Unix shell, Computer Science,
UNIX System V, Computer Science,
Unlambda, Computer Science,
USB, Computer Science,
Unreachable memory, Computer Science,
Var'aq, Computer Science,
VAX, Computer Science,
VBScript, Computer Science,
Vector processor, Computer Science,
Ventura Publisher, Computer Science,
Very-large-scale integration, Computer Science,
Video editing, Computer Science,
Virtual memory, Computer Science,
Visual Basic, Computer Science,
Visual Basic .NET - Visual FoxPro, Computer Science,
Von Neumann architecture, Computer Science,
Web browser, Computer Science,
Western Design Center, Computer Science,
Western Design Center 65C02, Computer Science,
Western Design Center 65816, Computer Science,
Whitespace, Computer Science,
Wiki, Computer Science,
Window manager, Computer Science,
Windows 1.0, Computer Science,
Windows 2000, Computer Science,
Windows 95, Computer Science,
Windows Me, Computer Science,
Windows NT, Computer Science,
Windows XP, Computer Science,
Word processor, Computer Science,
World Wide Web, Computer Science,
WYSIWYG, Computer Science,
X Window System, Computer Science,
X86, Computer Science,
Xmouse, Computer Science,
Yacc, Computer Science,
YaST, Computer Science,
Yet another, Computer Science,
Yorick, Computer Science,
Z notation, Computer Science,
Z shell, Computer Science,
Zilog Z80, Computer Science,
Zooming User Interface, Computer Science,
ZX80, Computer Science,
ZX81, Computer Science,
ZX Spectrum, Computer Science,
Mathematical foundations, Computer Science,
Coding theory, Computer Science,
Game theory, Computer Science,
Discrete Mathematics, Computer Science,
Graph theory, Computer Science,
Mathematical logic, Computer Science,
Number theory, Computer Science,
Algorithms and data structures, Computer Science,
Algorithms, Computer Science,
Data structures, Computer Science,
Artificial intelligence, Computer Science,
Outline of artificial intelligence, Computer Science,
Artificial intelligence, Computer Science,
Automated reasoning, Computer Science,
Computer vision, Computer Science,
Soft computing, Computer Science,
Machine learning, Computer Science,
Evolutionary computing, Computer Science,
Natural language processing, Computer Science,
Robotics, Computer Science,
Communication and security, Computer Science,
Networking, Computer Science,
Computer security, Computer Science,
Cryptography, Computer Science,
Computer architecture, Computer Science,
Computer architecture, Computer Science,
Operating systems, Computer Science,
Computer graphics, Computer Science,
Computer graphics, Computer Science,
Image processing, Computer Science,
Information visualization, Computer Science,
"Concurrent, parallel, and distributed systems", Computer Science,
Parallel computing, Computer Science,
Concurrency, Computer Science,
Distributed computing, Computer Science,
Databases, Computer Science,
Outline of databases, Computer Science,
Relational databases, Computer Science,
Structured Storage, Computer Science,
Data mining, Computer Science,
Programming languages and compilers, Computer Science,
Compiler theory, Computer Science,
Programming language pragmatics, Computer Science,
Programming language theory, Computer Science,
Formal semantics, Computer Science,
Type theory, Computer Science,
Scientific computing, Computer Science,
Computational science, Computer Science,
Numerical analysis, Computer Science,
Symbolic computation, Computer Science,
Computational physics, Computer Science,
Computational chemistry, Computer Science,
Bioinformatics and Computational biology, Computer Science,
Computational neuroscience, Computer Science,
Computational Linguistics, Computer Science,
Computational logic, Computer Science,
Computational engineering, Computer Science,
Software engineering, Computer Science,
Outline of software engineering, Computer Science,
Formal methods, Computer Science,
Software engineering, Computer Science,
Algorithm design, Computer Science,
Computer programming, Computer Science,
Human–computer interaction, Computer Science,
Reverse engineering, Computer Science,
Theory of computation, Computer Science,
Main article: Theory of computation, Computer Science,
Automata theory, Computer Science,
Computability theory, Computer Science,
List of unsolved problems in computer science, Computer Science,
Computational complexity theory, Computer Science,
Quantum computing theory, Computer Science,
History, Computer Science,
History of computer science, Computer Science,
List of pioneers in computer science, Computer Science,
Professions, Computer Science,
Programmer, Computer Science,
Software developer, Computer Science,
Teacher/Professor, Computer Science,
Software engineer, Computer Science,
Software architect, Computer Science,
Software tester, Computer Science,
Hardware engineer, Computer Science,
Data analyst, Computer Science,
Interaction designer, Computer Science,
Network administrator, Computer Science,
Data scientist, Computer Science,
Data and data structures, Computer Science,
Data structure, Computer Science,
Data type, Computer Science,
Associative array and Hash table, Computer Science,
Array, Computer Science,
List, Computer Science,
Tree, Computer Science,
String, Computer Science,
Matrix, Computer Science,
Database, Computer Science,
Programming paradigms, Computer Science,
Imperative programming/Procedural programming, Computer Science,
Functional programming, Computer Science,
Logic programming, Computer Science,
Object oriented programming, Computer Science,
Class, Computer Science,
Inheritance, Computer Science,
Object, Computer Science,
ABEND, Computer Science,
Ada, Computer Science,
Apache, Computer Science,
AWK, Computer Science,
B programming language, Computer Science,
biff, Computer Science,
bit, Computer Science,
Bon, Computer Science,
booting or bootstrapping, Computer Science,
bug, Computer Science,
byte, Computer Science,
C++, Computer Science,
computer, Computer Science,
cookie, Computer Science,
Cursor, Computer Science,
daemon, Computer Science,
Dashboard, Computer Science,
Debian, Computer Science,
default, Computer Science,
Ethernet, Computer Science,
finger, Computer Science,
foobar, Computer Science,
Gentoo Linux, Computer Science,
Git, Computer Science,
GNU, Computer Science,
Google, Computer Science,
Gopher, Computer Science,
grep, Computer Science,
Hotmail, Computer Science,
i18n, Computer Science,
ICQ, Computer Science,
ID10T, Computer Science,
Jakarta Project, Computer Science,
Java, Computer Science,
JavaScript, Computer Science,
Kerberos, Computer Science,
Linux, Computer Science,
Lisa, Computer Science,
liveware, Computer Science,
Lotus Software, Computer Science,
Macintosh, Computer Science,
Mac, Computer Science,
Nerd, Computer Science,
Oracle, Computer Science,
Pac-Man, Computer Science,
Patch, Computer Science,
PCMCIA, Computer Science,
PEBKAC, Computer Science,
Pentium, Computer Science,
Perl, Computer Science,
PHP, Computer Science,
Pine, Computer Science,
ping, Computer Science,
Python, Computer Science,
Radio button, Computer Science,
Red Hat Linux, Computer Science,
RSA, Computer Science,
Samba, Computer Science,
shareware, Computer Science,
spam, Computer Science,
SPIM, Computer Science,
Swing, Computer Science,
Tomcat, Computer Science,
troff, Computer Science,
Trojan horse, Computer Science,
Tux, Computer Science,
Ubuntu Linux, Computer Science,
Unix, Computer Science,
vi, Computer Science,
Vim, Computer Science,
Virus, Computer Science,
Wiki, Computer Science,
WikiWiki, Computer Science,
Worm, Computer Science,
WYSIWYG, Computer Science,
X Window System, Computer Science,
Yahoo!, Computer Science,
zip, Computer Science,
checking for meaning, Compilers, Computer Science
comment, Compilers, Computer Science
compilation, Compilers, Computer Science
compiler, Compilers, Computer Science
compile-time, Compilers, Computer Science
GNU, Compilers, Computer Science
GPL, Compilers, Computer Science
identifier, Compilers, Computer Science
implementation language, Compilers, Computer Science
intermediate language, Compilers, Computer Science
interpreter, Compilers, Computer Science
just-in-time compilation, Compilers, Computer Science
keyword, Compilers, Computer Science
lexical analysis, Compilers, Computer Science
lexing, Compilers, Computer Science
machine language, Compilers, Computer Science
parsing, Compilers, Computer Science
pass, Compilers, Computer Science
pragma, Compilers, Computer Science
preprocessor, Compilers, Computer Science
reserved word, Compilers, Computer Science
run-time, Compilers, Computer Science
scanning, Compilers, Computer Science
semantic analysis, Compilers, Computer Science
source language, Compilers, Computer Science
syntax analysis, Compilers, Computer Science
target language, Compilers, Computer Science
token, Compilers, Computer Science 
tokenisation, Compilers, Computer Science
Rust, Computer Science